joao					salvador					ujoaosalvador@gmail.com
joao					salvador					ujoaosalvador@gmail.com
joao					salvador					ujoaosalvador@gmail.com
JoaoDois					salva					ujoaosalvador@gmail.com
undefined					undefined					undefined
undefined					undefined					undefined
undefined					undefined					undefined
joao					salvador					ujoaosalvador@gmail.com
joao					salvador					ujoaosalvador@gmail.com
joao					salvador					ujoaosalvador@gmail.com
Joao					Salvador					undefined
Joao					Salvador					undefined
Joao					salvador					undefined
Joao					salvador					undefined
Joao					salvador					undefined
Joao					salvador					undefined
JonyBI					SALVATONI					ujoaosalvador@gmail.com
undefined					undefined					undefined
Joao					salvador					undefined
JonyBI					SALVATONI					ujoaosalvador@gmail.com
undefined					undefined					undefined
joao					salvador					undefined
Joao					salvoni					ujoaosalvador@gmail.com
Joao					salvoni					ujoaosalvador@gmail.com
111111111111111112					222222222222222222					undefined
joao					salvador					undefined
undefined					undefined					kel@surf.com
ujoao					kkkkkkkkkkkkkkkk					kan@surf.com
ujoao					kkkkkkkkkkkkkkkk					kan@surf.com
Joao					salvoni					ujoaosalvador@gmail.com
Joao					salvoni					ujoaosalvador@gmail.com
Joao					salvador					ujoaosalvador@gmail.com
Joao					salvador					ujoaosalvador@gmail.com
Joao					salvador					ujoaosalvador@gmail.com
Joao					salvador					ujoaosalvador@gmail.com
Joao					salvador					ujoaosalvador@gmail.com
JONYYY					SOOOOOO					uj@gmail.com
JONYYY					SOOOOOO					uj@gmail.com
JONYYY					SOOOOOO					uj@gmail.com
JONYYY					SOOOOOO					uj@gmail.com
JONYYY					SOOOOOO					uj@gmail.com
kkkk					kkkk					tquatro@teste.com
jok					kein					arni@teste.com
kkkk					kkkk					tquatro@teste.com
jok					kein					arni@teste.com
kkkk					kkkk					tquatro@teste.com
Jon					fal					jon@teste.com
Jon					fal					jon@teste.com
Jon					fal					jon@teste.com
Jon					fal					jon@teste.com
Jon					fal					jon@teste.com
Jon					Joao					kel@surf.com
Jon					Joao					kel@surf.com
undefined					undefined					undefined
joao					joao					john@doe.com
joao					joao					john@doe.com
joao					salv					uj@gmail.com
joao					salv					uj@gmail.com
Joao					salva					jon@teste.com
Joao					salva					jon@teste.com
kal					ulang					kel@surf.com
kal					ulang					kel@surf.com
joao					joao					john@doe.com
joao					joao					john@doe.com
Joao					teste					testeSalv@gmail.com
Joao					teste					testeSalv@gmail.com
joao					sal					kel@surf.com
joao					joao					testeSalv@gmail.com
joao					teste					john@doe.com
joao					hulale					ham@teste.com
aaaaa					aaa					aaa@gmail.com
joao					joao					uj@gmail.com
Joao					Salvador					arni@teste.com
joao					joao					joao@gmail.com
aaaaaaaaaaa					aaaaaaaaaaaaaaaa					alfredo@sequeira.com
aaaaa					a					alfredo@sequeira.com
aaaaaaaaa					aaaaaaaaaaaa					aaaaaaaaaaaa@s.com
aaaaaaaaaaa					aaa					ana@teste.com
aaaaaaaaaaa					aaa					ana@teste.com
aaaaaaaaaaa					aaa					arni@teste.com
ola					adeus					john@doe.com
undefined					undefined					undefined
joaoooooooooooooo					salvaaaaaaaaaaaaaa					kaka@teste.com
undefined					undefined					undefined
undefined					undefined					undefined
joaoooooooooooooo					salvaaaaaaaaaaaaaa					kaka@teste.com
joaoooooooooooooo					salvaaaaaaaaaaaaaa					kaka@teste.com
